Science,3-5 Life Science,Earthquake,Elements
Science,3-5 Life Science,Drugs,Dynamics
Science,3-5 Earth & Space Science,Climate,Elements
Science,3-5 Phyical Science,Demolition,Pollinators
Science,6-8 Life Science,Earthquake,Wrecking Ball
Science,6-8 Earth & Space Science,Drugs,Safety
Science,6-8 Physical Science,Climate,Dynamics
Science,K-2 Life Science,Demolition,Elements
Science,K-2 Earth & Space Science,Earthquake,Pollinators
Science,K-2 Phyical Science,Drugs,Wrecking Ball
Engineering,K-2 Engineering Design,Climate,Safety
Engineering,3-5 Engineering Design,Demolition,Dynamics
Engineering,6-8 Engineering Design,Earthquake,Safety